"adres","kategori","HTTP","sitemap","ilk_HTML_basliklari","tarayici_basliklari","canonical_sayisi","ilk_HTML_H1","tarayici_H1","bulgular"
"/","static","200","true","Mavi Basım Matbaa & Reklam | İstanbul Online Matbaa ve Baskı Hizmetleri","Mavi Basım Matbaa & Reklam | İstanbul Online Matbaa ve Baskı Hizmetleri","1","1","1","rendered:duplicate-schema-id"
"/adana-brosur-baski","sector","200","true","Adana Broşür Baskı Fiyatları | Adana Online Matbaa","Adana Broşür Baskı Fiyatları | Adana Online Matbaa","1","1","1","rendered:multiple-breadcrumbs"
"/adana-etiket-baski","sector","200","true","Adana Etiket Baskı Fiyatları | Adana Online Matbaa","Adana Etiket Baskı Fiyatları | Adana Online Matbaa","1","1","1","rendered:multiple-breadcrumbs"
"/adana-kartvizit-baski","sector","200","true","Adana’ya Özel Kartvizit Baskı Fiyatları | Mat Selefonlu Kalın Kartvizit","Adana’ya Özel Kartvizit Baskı Fiyatları | Mat Selefonlu Kalın Kartvizit","1","1","1","rendered:multiple-breadcrumbs"
"/adana-katalog-baski","sector","200","true","Adana Katalog Baskı Fiyatları | Adana Online Matbaa","Adana Katalog Baskı Fiyatları | Adana Online Matbaa","1","1","1","rendered:multiple-breadcrumbs"
"/adana-kutu-baski","sector","200","true","Adana Kutu Baskı Fiyatları | Adana Online Matbaa","Adana Kutu Baskı Fiyatları | Adana Online Matbaa","1","1","1","rendered:multiple-breadcrumbs"
"/adana-magnet-baski","sector","200","true","Adana Magnet Baskı Fiyatları | Adana Online Matbaa","Adana Magnet Baskı Fiyatları | Adana Online Matbaa","1","1","1","rendered:multiple-breadcrumbs"
"/adana-matbaa","city","200","true","Adana’ya Kargo ile Matbaa ve Ambalaj Baskı | Mavi Basım","Adana’ya Kargo ile Matbaa ve Ambalaj Baskı | Mavi Basım","1","1","1",""
"/adisyon","static","200","true","Adisyon Fişi Baskı ve Numaratörlü Adisyon Koçanı Fiyatları | Mavi Basım","Adisyon Fişi Baskı ve Numaratörlü Adisyon Koçanı Fiyatları | Mavi Basım","1","1","1","rendered:multiple-breadcrumbs"
"/adiyaman-matbaa","city","200","true","Adıyaman Matbaa | Kartvizit, Broşür, Kutu Baskı Fiyatları","Adıyaman Matbaa | Kartvizit, Broşür, Kutu Baskı Fiyatları","1","1","1",""
"/afis","static","200","true","Afiş Baskı Fiyatları | 35x50 - 50x70 - 70x100 cm","Afiş Baskı Fiyatları | 35x50 - 50x70 - 70x100 cm","1","1","1","rendered:multiple-breadcrumbs"
"/afyonkarahisar-matbaa","city","200","true","Afyonkarahisar Matbaa | Kartvizit, Broşür, Kutu Baskı Fiyatları","Afyonkarahisar Matbaa | Kartvizit, Broşür, Kutu Baskı Fiyatları","1","1","1",""
"/agri-matbaa","city","200","true","Ağrı Matbaa | Kartvizit, Broşür, Kutu Baskı Fiyatları","Ağrı Matbaa | Kartvizit, Broşür, Kutu Baskı Fiyatları","1","1","1",""
"/aksaray-matbaa","city","200","true","Aksaray Matbaa | Kartvizit, Broşür, Kutu Baskı Fiyatları","Aksaray Matbaa | Kartvizit, Broşür, Kutu Baskı Fiyatları","1","1","1",""
"/amasya-matbaa","city","200","true","Amasya’ya Kargo ile Matbaa, Gıda Ambalajı ve Tanıtım Baskı | Mavi Basım","Amasya’ya Kargo ile Matbaa, Gıda Ambalajı ve Tanıtım Baskı | Mavi Basım","1","1","1",""
"/ambalaj","static","200","true","Ambalaj Kağıdı Baskısı | Pelür ve Sülfit Kağıt | Mavi Basım","Ambalaj Kağıdı Baskısı | Pelür ve Sülfit Kağıt | Mavi Basım","1","1","1",""
"/amerikan-servis","static","200","true","Amerikan Servis Baskı Fiyatları | Kağıt Servis Altlığı","Amerikan Servis Baskı Fiyatları | Kağıt Servis Altlığı","1","1","1",""
"/ankara-brosur-baski","sector","200","true","Ankara Broşür Baskı | Uygun Fiyatlı Tanıtım El İlanı","Ankara Broşür Baskı | Uygun Fiyatlı Tanıtım El İlanı","1","1","1","rendered:multiple-breadcrumbs"
"/ankara-etiket-baski","sector","200","true","Ankara Etiket Baskı Fiyatları | Ankara Online Matbaa","Ankara Etiket Baskı Fiyatları | Ankara Online Matbaa","1","1","1","rendered:multiple-breadcrumbs"
"/ankara-kartvizit-baski","sector","200","true","Ankara Kartvizit Baskı Fiyatları | Ankara Online Matbaa","Ankara Kartvizit Baskı Fiyatları | Ankara Online Matbaa","1","1","1","rendered:multiple-breadcrumbs"
"/ankara-katalog-baski","sector","200","true","Ankara Katalog Baskı Fiyatları | Ankara Online Matbaa","Ankara Katalog Baskı Fiyatları | Ankara Online Matbaa","1","1","1","rendered:multiple-breadcrumbs"
"/ankara-kutu-baski","sector","200","true","Ankara Kutu Baskı Fiyatları | Ankara Online Matbaa","Ankara Kutu Baskı Fiyatları | Ankara Online Matbaa","1","1","1","rendered:multiple-breadcrumbs"
"/ankara-magnet-baski","sector","200","true","Ankara Magnet Baskı Fiyatları | Kamu ve Lokanta Magnetleri","Ankara Magnet Baskı Fiyatları | Kamu ve Lokanta Magnetleri","1","1","1","rendered:multiple-breadcrumbs"
"/ankara-matbaa","city","200","true","Ankara’ya Kargo ile Kurumsal Matbaa Baskı | Mavi Basım","Ankara’ya Kargo ile Kurumsal Matbaa Baskı | Mavi Basım","1","1","1",""
"/antalya-brosur-baski","sector","200","true","Antalya Broşür Baskı Fiyatları | Antalya Online Matbaa","Antalya Broşür Baskı Fiyatları | Antalya Online Matbaa","1","1","1","rendered:multiple-breadcrumbs"
"/antalya-emlakci-kartvizit-baski","sector","200","true","Antalya Emlakçı Kartvizit Baskı | Gayrimenkul Danışmanı Randevu Kartı","Antalya Emlakçı Kartvizit Baskı | Gayrimenkul Danışmanı Randevu Kartı","1","1","1","rendered:multiple-breadcrumbs"
"/antalya-etiket-baski","sector","200","true","Antalya Etiket Baskı Fiyatları | Antalya Online Matbaa","Antalya Etiket Baskı Fiyatları | Antalya Online Matbaa","1","1","1","rendered:multiple-breadcrumbs"
"/antalya-kartvizit-baski","sector","200","true","Antalya Kartvizit Baskı Fiyatları | Antalya Online Matbaa","Antalya Kartvizit Baskı Fiyatları | Antalya Online Matbaa","1","1","1","rendered:multiple-breadcrumbs"
"/antalya-katalog-baski","sector","200","true","Antalya Katalog Baskı | Turizm ve İnşaat Katalogları","Antalya Katalog Baskı | Turizm ve İnşaat Katalogları","1","1","1","rendered:multiple-breadcrumbs"
"/antalya-kutu-baski","sector","200","true","Antalya Kutu Baskı Fiyatları | Antalya Online Matbaa","Antalya Kutu Baskı Fiyatları | Antalya Online Matbaa","1","1","1","rendered:multiple-breadcrumbs"
"/antalya-magnet-baski","sector","200","true","Antalya Magnet Baskı Fiyatları | Antalya Online Matbaa","Antalya Magnet Baskı Fiyatları | Antalya Online Matbaa","1","1","1","rendered:multiple-breadcrumbs"
"/antalya-matbaa","city","200","true","Antalya’ya Kargo ile Matbaa ve Ambalaj Baskı | Mavi Basım","Antalya’ya Kargo ile Matbaa ve Ambalaj Baskı | Mavi Basım","1","1","1",""
"/antetli","static","200","true","Antetli Kağıt Baskı Fiyatları | A4 ve A5 | Mavi Basım","Antetli Kağıt Baskı Fiyatları | A4 ve A5 | Mavi Basım","1","1","1",""
"/arac-kiralama","static","200","true","Araç Kiralama Sözleşmesi & Rent A Car Sözleşmesi Baskısı | Mavi Basım","Araç Kiralama Sözleşmesi & Rent A Car Sözleşmesi Baskısı | Mavi Basım","1","1","1","rendered:multiple-breadcrumbs"
"/ardahan-matbaa","city","200","true","Ardahan Matbaa | Kartvizit, Broşür, Kutu Baskı Fiyatları","Ardahan Matbaa | Kartvizit, Broşür, Kutu Baskı Fiyatları","1","1","1",""
"/artvin-matbaa","city","200","true","Artvin Matbaa | Kartvizit, Broşür, Kutu Baskı Fiyatları","Artvin Matbaa | Kartvizit, Broşür, Kutu Baskı Fiyatları","1","1","1",""
"/aydin-matbaa","city","200","true","Aydın Matbaa | Kartvizit, Broşür, Kutu Baskı Fiyatları","Aydın Matbaa | Kartvizit, Broşür, Kutu Baskı Fiyatları","1","1","1",""
"/balikesir-matbaa","city","200","true","Balıkesir Matbaa | Etiket, Gıda Kutusu ve Broşür Baskı","Balıkesir Matbaa | Etiket, Gıda Kutusu ve Broşür Baskı","1","1","1",""
"/bartin-matbaa","city","200","true","Bartın Matbaa | Kartvizit, Broşür, Kutu Baskı Fiyatları","Bartın Matbaa | Kartvizit, Broşür, Kutu Baskı Fiyatları","1","1","1",""
"/batman-matbaa","city","200","true","Batman Matbaa | Kartvizit, Broşür, Kutu Baskı Fiyatları","Batman Matbaa | Kartvizit, Broşür, Kutu Baskı Fiyatları","1","1","1",""
"/bayburt-matbaa","city","200","true","Bayburt Matbaa | Kartvizit, Broşür, Kutu Baskı Fiyatları","Bayburt Matbaa | Kartvizit, Broşür, Kutu Baskı Fiyatları","1","1","1",""
"/bilecik-matbaa","city","200","true","Bilecik Matbaa | Kartvizit, Broşür, Kutu Baskı Fiyatları","Bilecik Matbaa | Kartvizit, Broşür, Kutu Baskı Fiyatları","1","1","1",""
"/bingol-matbaa","city","200","true","Bingöl Matbaa | Kartvizit, Broşür, Kutu Baskı Fiyatları","Bingöl Matbaa | Kartvizit, Broşür, Kutu Baskı Fiyatları","1","1","1",""
"/bitlis-kutu-baski","sector","200","true","Bitlis Kutu Baskı | Markalı Bal ve Kurabiye Ambalajı","Bitlis Kutu Baskı | Markalı Bal ve Kurabiye Ambalajı","1","1","1","rendered:multiple-breadcrumbs"
"/bitlis-matbaa","city","200","true","Bitlis Matbaa | Kartvizit, Broşür ve Kutu Baskısı","Bitlis Matbaa | Kartvizit, Broşür ve Kutu Baskısı","1","1","1",""
"/bitlis-restaurant-siparis-fisi","sector","200","true","Bitlis Restoran Sipariş Fişi Baskı | Numaratörlü Otokopi Fişi","Bitlis Restoran Sipariş Fişi Baskı | Numaratörlü Otokopi Fişi","1","1","1","rendered:multiple-breadcrumbs"
"/blog","static","200","true","Matbaa ve Baskı Blogu | Grafik Tasarım Rehberi - Mavi Basım","Matbaa ve Baskı Blogu | Grafik Tasarım Rehberi - Mavi Basım","1","1","1",""
"/blog/115-gr-mi-135-gr-mi","blog","200","true","115 gr Kuşe mi 135 gr Kuşe mi? Broşür ve El İlanı... - Mavi Basım","115 gr Kuşe mi 135 gr Kuşe mi? Broşür ve El İlanı... - Mavi Basım","1","1","1",""
"/blog/135-gr-ve-170-gr-kuse-farklari","blog","200","true","135 gr ile 170 gr Kuşe Arasındaki Farklar: Hangi ... - Mavi Basım","135 gr ile 170 gr Kuşe Arasındaki Farklar: Hangi ... - Mavi Basım","1","1","1",""
"/blog/adisyon-ve-makbuzlarda-otokopili-kagit","blog","200","true","Resmi Evraklarda Otokopili (Kendinden Karbonlu) K... - Mavi Basım","Resmi Evraklarda Otokopili (Kendinden Karbonlu) K... - Mavi Basım","1","1","1",""
"/blog/amerikan-bristol-ile-kroma-karton-farki","blog","200","true","Amerikan Bristol ile Kroma Karton Arasındaki Fark... - Mavi Basım","Amerikan Bristol ile Kroma Karton Arasındaki Fark... - Mavi Basım","1","1","1",""
"/blog/antetli-kagit-baskisinda-80gr-1.hamur","blog","200","true","Kurumsal Kimliğin Temeli: Antetli Kağıt Baskısınd... - Mavi Basım","Kurumsal Kimliğin Temeli: Antetli Kağıt Baskısınd... - Mavi Basım","1","1","1",""
"/blog/baski-kalitesini-etkileyen-faktorler","blog","200","true","Baskı Kalitesini Etkileyen Faktörler ve Teknik De... - Mavi Basım","Baskı Kalitesini Etkileyen Faktörler ve Teknik De... - Mavi Basım","1","1","1",""
"/blog/baski-sonrasi-islemler-nelerdir","blog","200","true","Baskı Sonrası İşlemler Nelerdir? Mücellit Süreçleri - Mavi Basım","Baskı Sonrası İşlemler Nelerdir? Mücellit Süreçleri - Mavi Basım","1","1","1",""
"/blog/baskili-urunlerle-pazarlama-markanizi-buyuten-matbaa-urunleri","blog","200","true","Baskılı Ürünlerle Pazarlama: Markanızı Büyüten Et... - Mavi Basım","Baskılı Ürünlerle Pazarlama: Markanızı Büyüten Et... - Mavi Basım","1","1","1",""
"/blog/baskiya-uygun-tasarim-nasil-hazirlanir","blog","200","true","Baskıya Uygun Tasarım Nasıl Hazırlanır? Matbaa İç... - Mavi Basım","Baskıya Uygun Tasarım Nasıl Hazırlanır? Matbaa İç... - Mavi Basım","1","1","1",""
"/blog/brosur-baskida-en-dogru-kagit-nasil-secilir","blog","200","true","Broşür İçin En Uygun Kağıt Hangisi? Ölçüler, Gram... - Mavi Basım","Broşür İçin En Uygun Kağıt Hangisi? Ölçüler, Gram... - Mavi Basım","1","1","1",""
"/blog/brosur-katlama-kirim-modelleri-nelerdir","blog","200","true","Broşür Katlama (Kırım) Modelleri Nelerdir? Katlam... - Mavi Basım","Broşür Katlama (Kırım) Modelleri Nelerdir? Katlam... - Mavi Basım","1","1","1",""
"/blog/cmyk-ofset-baski-ve-tasima-payi-rehberi","blog","200","true","Matbaa Baskı Öncesi Dosya Hazırlama: CMYK Renk, 3... - Mavi Basım","Matbaa Baskı Öncesi Dosya Hazırlama: CMYK Renk, 3... - Mavi Basım","1","1","1",""
"/blog/e-ticaret-ve-kargo-gonderi-kutusu-tasarimi","blog","200","true","E-Ticaret ve Kargo Gönderi Kutusu Tasarımı: Dayan... - Mavi Basım","E-Ticaret ve Kargo Gönderi Kutusu Tasarımı: Dayan... - Mavi Basım","1","1","1",""
"/blog/el-ilani-dagitimi-ise-yariyor-mu","blog","200","true","El İlanı Dağıtımı İşe Yarıyor mu? Bölgesel Reklam... - Mavi Basım","El İlanı Dağıtımı İşe Yarıyor mu? Bölgesel Reklam... - Mavi Basım","1","1","1",""
"/blog/emlak-yer-gosterme-belgesi-nedir","blog","200","true","Yer Gösterme Belgesi Baskısı | Otokopili NCR Koça... - Mavi Basım","Yer Gösterme Belgesi Baskısı | Otokopili NCR Koça... - Mavi Basım","1","1","1",""
"/blog/etiket-baskida-rulo-mu-tabaka-mi","blog","200","true","Rulo Etiket mi Tabaka Etiket mi? Ambalajınıza En ... - Mavi Basım","Rulo Etiket mi Tabaka Etiket mi? Ambalajınıza En ... - Mavi Basım","1","1","1",""
"/blog/etiketlerin-yapisan-yuzeylerin-mukavemeti","blog","200","true","PP Opak, Şeffaf ve Kuşe Etiketlerde Yapışkan Muka... - Mavi Basım","PP Opak, Şeffaf ve Kuşe Etiketlerde Yapışkan Muka... - Mavi Basım","1","1","1",""
"/blog/fast-food-ve-restoran-ambalaj-kutulari-secim-rehberi","blog","200","true","Fast Food ve Restoran Ambalaj Kutuları Seçim Rehb... - Mavi Basım","Fast Food ve Restoran Ambalaj Kutuları Seçim Rehb... - Mavi Basım","1","1","1",""
"/blog/gida-kutularinda-karton-secimi","blog","200","true","Gıda Kutularında Sağlıklı ve Hijyenik Karton Seçimi - Mavi Basım","Gıda Kutularında Sağlıklı ve Hijyenik Karton Seçimi - Mavi Basım","1","1","1",""
"/blog/hizli-uretim-sureci-nasil-planlanir","blog","200","true","Hızlı Üretim Süreci Nasıl Planlanır? Acil Matbaa ... - Mavi Basım","Hızlı Üretim Süreci Nasıl Planlanır? Acil Matbaa ... - Mavi Basım","1","1","1",""
"/blog/istanbul-topkapi-karton-kutu-ureticisi-toptan-imalat","blog","200","true","İstanbul Topkapı Karton Kutu Üreticisi ile Toptan... - Mavi Basım","İstanbul Topkapı Karton Kutu Üreticisi ile Toptan... - Mavi Basım","1","1","1",""
"/blog/kabartma-lak-ve-gofre-baski-nedir","blog","200","true","Kabartma Lak, Gofre ve Varak Yaldız Nedir? Premiu... - Mavi Basım","Kabartma Lak, Gofre ve Varak Yaldız Nedir? Premiu... - Mavi Basım","1","1","1",""
"/blog/kaliteli-baski-nasil-anlasilir","blog","200","true","Kaliteli Baskı Nasıl Anlaşılır? Profesyonel Matba... - Mavi Basım","Kaliteli Baskı Nasıl Anlaşılır? Profesyonel Matba... - Mavi Basım","1","1","1",""
"/blog/kartvizit-tasarimi-ve-baski-rehberi","blog","200","true","Profesyonel Kartvizit Tasarımı ve Baskı Rehberi: ... - Mavi Basım","Profesyonel Kartvizit Tasarımı ve Baskı Rehberi: ... - Mavi Basım","1","1","1",""
"/blog/kartvizit-tasarlar-iken-yapilan-hatalar","blog","200","true","Kartvizit Tasarlarken Yapılan En Sık 7 Hata ve Çö... - Mavi Basım","Kartvizit Tasarlarken Yapılan En Sık 7 Hata ve Çö... - Mavi Basım","1","1","1",""
"/blog/kartvizitte-mat-mi-parlak-mi","blog","200","true","Kartvizit Baskısında Mat Selefon mu Parlak Selefo... - Mavi Basım","Kartvizit Baskısında Mat Selefon mu Parlak Selefo... - Mavi Basım","1","1","1",""
"/blog/kozmetik-kutusu-tasarim-rehberi","blog","200","true","Kozmetik Kutusu Tasarım Rehberi: Lüks ve Şık Amba... - Mavi Basım","Kozmetik Kutusu Tasarım Rehberi: Lüks ve Şık Amba... - Mavi Basım","1","1","1",""
"/blog/kutu-baskida-en-cok-tercih-edilen-modeller","blog","200","true","Kutu Baskıda En Çok Tercih Edilen Karton Modeller... - Mavi Basım","Kutu Baskıda En Çok Tercih Edilen Karton Modeller... - Mavi Basım","1","1","1",""
"/blog/kutu-bicak-izi-nedir-nasil-hazirlanir","blog","200","true","Kutu Bıçak İzi Nedir ve Baskıya Hazır Bıçak Şablo... - Mavi Basım","Kutu Bıçak İzi Nedir ve Baskıya Hazır Bıçak Şablo... - Mavi Basım","1","1","1",""
"/blog/kutu-gramaji-nasil-secilir","blog","200","true","Kutu Gramajı Nasıl Seçilir? 230gr - 400gr Karton ... - Mavi Basım","Kutu Gramajı Nasıl Seçilir? 230gr - 400gr Karton ... - Mavi Basım","1","1","1",""
"/blog/kutu-tasima-dayanimi-nasil-hesaplanir","blog","200","true","Kutu Taşıma Dayanımı ve Karton Mukavemeti Nasıl H... - Mavi Basım","Kutu Taşıma Dayanımı ve Karton Mukavemeti Nasıl H... - Mavi Basım","1","1","1",""
"/blog/kuve-kagit-ve-bristol-karton-farklari","blog","200","true","Kuşe Kağıt ile Bristol Karton Arasındaki Dokusal ... - Mavi Basım","Kuşe Kağıt ile Bristol Karton Arasındaki Dokusal ... - Mavi Basım","1","1","1",""
"/blog/lak-cesitleri-lokal-uv-drip-off","blog","200","true","Kutu Baskıda Lak Çeşitleri: Lokal UV, Drip Off ve... - Mavi Basım","Kutu Baskıda Lak Çeşitleri: Lokal UV, Drip Off ve... - Mavi Basım","1","1","1",""
"/blog/lak-nedir","blog","200","true","Lak Nedir? Lokal Lak ve Kabartma Lak Uygulamaları - Mavi Basım","Lak Nedir? Lokal Lak ve Kabartma Lak Uygulamaları - Mavi Basım","1","1","1",""
"/blog/lakli-kabartmali-kartvizit-rehberi","blog","200","true","Lüks ve Kabartma Laklı Kartvizit Baskı Rehberi: Ö... - Mavi Basım","Lüks ve Kabartma Laklı Kartvizit Baskı Rehberi: Ö... - Mavi Basım","1","1","1",""
"/blog/lokantalar-icin-amerikan-servis-ebatlari","blog","200","true","Lokantalar ve Kafeler İçin İdeal Amerikan Servis ... - Mavi Basım","Lokantalar ve Kafeler İçin İdeal Amerikan Servis ... - Mavi Basım","1","1","1",""
"/blog/luks-parfum-ve-taki-kutularinda-sicak-varak-yaldiz-ve-gofre","blog","200","true","Lüks Parfüm, Kozmetik ve Takı Kutularında Sıcak V... - Mavi Basım","Lüks Parfüm, Kozmetik ve Takı Kutularında Sıcak V... - Mavi Basım","1","1","1",""
"/blog/magnet-baski-musteri-kazandirir-mi","blog","200","true","Magnet Baskı Müşteri Kazandırır mı? Doğrudan Loka... - Mavi Basım","Magnet Baskı Müşteri Kazandırır mı? Doğrudan Loka... - Mavi Basım","1","1","1",""
"/blog/magnet-baski-olculeri-ve-tasarim-rehberi","blog","200","true","Buzdolabı Magneti Ölçüleri, Bıçak Çizgileri ve Ta... - Mavi Basım","Buzdolabı Magneti Ölçüleri, Bıçak Çizgileri ve Ta... - Mavi Basım","1","1","1",""
"/blog/matbaa-fiyatlarini-neler-belirler","blog","200","true","Matbaa Fiyatlarını Neler Belirler? Uygun Maliyetl... - Mavi Basım","Matbaa Fiyatlarını Neler Belirler? Uygun Maliyetl... - Mavi Basım","1","1","1",""
"/blog/ofset-baski-ile-dijital-baski-farklari","blog","200","true","Dijital Baskı ile Ofset Baskı Arasındaki Farklar - Mavi Basım","Dijital Baskı ile Ofset Baskı Arasındaki Farklar - Mavi Basım","1","1","1",""
"/blog/ofset-baski-nasil-yapilir","blog","200","true","Ofset Baskı Nasıl Yapılır? Teknik Üretim Aşamaları - Mavi Basım","Ofset Baskı Nasıl Yapılır? Teknik Üretim Aşamaları - Mavi Basım","1","1","1",""
"/blog/ofset-kutu-baski-nasil-yapilir","blog","200","true","Ofset Kutu Baskı Nasıl Yapılır? Adım Adım Ambalaj... - Mavi Basım","Ofset Kutu Baskı Nasıl Yapılır? Adım Adım Ambalaj... - Mavi Basım","1","1","1",""
"/blog/online-matbaa-siparislerinde-nakliye-surecleri","blog","200","true","Online Matbaacılık Siparişlerinde Topkapı’dan Kap... - Mavi Basım","Online Matbaacılık Siparişlerinde Topkapı’dan Kap... - Mavi Basım","1","1","1",""
"/blog/oto-paspas-baskida-emici-kraft-farki","blog","200","true","Oto Paspas Baskısında Emici Kraft Kağıt ve Sülfit... - Mavi Basım","Oto Paspas Baskısında Emici Kraft Kağıt ve Sülfit... - Mavi Basım","1","1","1",""
"/blog/otomatik-kilit-dip-ve-ters-kilit-dip-kutu-farklari","blog","200","true","Otomatik Kilit Dip (Oto Kilit) ile Ters Kilit Dip... - Mavi Basım","Otomatik Kilit Dip (Oto Kilit) ile Ters Kilit Dip... - Mavi Basım","1","1","1",""
"/blog/paket-servis-icin-magnet-rehberi","blog","200","true","Paket Servis Yapan İşletmeler İçin Adım Adım Magn... - Mavi Basım","Paket Servis Yapan İşletmeler İçin Adım Adım Magn... - Mavi Basım","1","1","1",""
"/blog/pencereli-asetatli-kutu-uretim-teknikleri","blog","200","true","Pencereli Asetatlı Kutu Üretim Teknikleri: Kurabi... - Mavi Basım","Pencereli Asetatlı Kutu Üretim Teknikleri: Kurabi... - Mavi Basım","1","1","1",""
"/blog/restoran-ve-paket-servis-icin-magnet-baski-onemi","blog","200","true","Paket Servis ve Restoranlarda Magnet Baskının Öne... - Mavi Basım","Paket Servis ve Restoranlarda Magnet Baskının Öne... - Mavi Basım","1","1","1",""
"/blog/restoranlar-icin-en-etkili-reklam-urunleri","blog","200","true","Restoranlar İçin En Etkili Çevrimdışı Reklam Ürün... - Mavi Basım","Restoranlar İçin En Etkili Çevrimdışı Reklam Ürün... - Mavi Basım","1","1","1",""
"/blog/selefon-cesitleri-ve-ozellikleri","blog","200","true","Ambalaj ve Kutularda Selefon Çeşitleri: Mat, Parl... - Mavi Basım","Ambalaj ve Kutularda Selefon Çeşitleri: Mat, Parl... - Mavi Basım","1","1","1",""
"/blog/selefon-nedir","blog","200","true","Selefon Nedir? Mat ve Parlak Selefon Farkları - Mavi Basım","Selefon Nedir? Mat ve Parlak Selefon Farkları - Mavi Basım","1","1","1",""
"/blog/varak-baski-nedir","blog","200","true","Varak Baskı Nedir? Altın ve Gümüş Yaldız Teknikleri - Mavi Basım","Varak Baskı Nedir? Altın ve Gümüş Yaldız Teknikleri - Mavi Basım","1","1","1",""
"/blog/zarf-baskisinda-diplomat-ve-torba-zarf","blog","200","true","Zarf Baskısında Diplomat Zarf, Torba Zarf ve Sili... - Mavi Basım","Zarf Baskısında Diplomat Zarf, Torba Zarf ve Sili... - Mavi Basım","1","1","1",""
"/bloknot","static","301","false","","Bloknot Baskı Fiyatları | Kapaklı ve Tutkallı Bloknot - Mavi Basım","1","0","1",""
"/bloknotlar","static","200","true","Bloknot Baskı Fiyatları | Kapaklı ve Tutkallı Bloknot - Mavi Basım","Bloknot Baskı Fiyatları | Kapaklı ve Tutkallı Bloknot - Mavi Basım","1","1","1",""
"/bolu-matbaa","city","200","true","Bolu Matbaa | Kartvizit, Broşür, Kutu Baskı Fiyatları","Bolu Matbaa | Kartvizit, Broşür, Kutu Baskı Fiyatları","1","1","1",""
"/brosur","static","200","true","Broşür Baskı Fiyatları | A4, A5 ve Katlamalı Broşür","Broşür Baskı Fiyatları | A4, A5 ve Katlamalı Broşür","1","1","1","rendered:multiple-breadcrumbs"
"/brosur-baski-fiyatlari","sector","200","true","Kuşe Broşür Baskı Fiyatları | 115 gr & 135 gr Katlama Seçenekleri","Kuşe Broşür Baskı Fiyatları | 115 gr & 135 gr Katlama Seçenekleri","1","1","1","rendered:multiple-breadcrumbs"
"/burdur-matbaa","city","200","true","Burdur Matbaa | Kartvizit, Broşür, Kutu Baskı Fiyatları","Burdur Matbaa | Kartvizit, Broşür, Kutu Baskı Fiyatları","1","1","1",""
"/bursa-brosur-baski","sector","200","true","Bursa Broşür Baskı Fiyatları | Bursa Online Matbaa","Bursa Broşür Baskı Fiyatları | Bursa Online Matbaa","1","1","1","rendered:multiple-breadcrumbs"
"/bursa-etiket-baski","sector","200","true","Bursa Etiket Baskı Fiyatları | Bursa Online Matbaa","Bursa Etiket Baskı Fiyatları | Bursa Online Matbaa","1","1","1","rendered:multiple-breadcrumbs"
"/bursa-kartvizit-baski","sector","200","true","Bursa Kartvizit Baskı Fiyatları | Bursa Online Matbaa","Bursa Kartvizit Baskı Fiyatları | Bursa Online Matbaa","1","1","1","rendered:multiple-breadcrumbs"
"/bursa-katalog-baski","sector","200","true","Bursa Katalog Baskı Fiyatları | Bursa Online Matbaa","Bursa Katalog Baskı Fiyatları | Bursa Online Matbaa","1","1","1","rendered:multiple-breadcrumbs"
"/bursa-kutu-baski","sector","200","true","Bursa Kutu Baskı Fiyatları | Bursa Online Matbaa","Bursa Kutu Baskı Fiyatları | Bursa Online Matbaa","1","1","1","rendered:multiple-breadcrumbs"
"/bursa-magnet-baski","sector","200","true","Bursa Magnet Baskı Fiyatları | Bursa Online Matbaa","Bursa Magnet Baskı Fiyatları | Bursa Online Matbaa","1","1","1","rendered:multiple-breadcrumbs"
"/bursa-matbaa","city","200","true","Bursa Matbaa | Kartvizit, Broşür, Kutu Baskı Fiyatları","Bursa Matbaa | Kartvizit, Broşür, Kutu Baskı Fiyatları","1","1","1",""
"/canakkale-matbaa","city","200","true","Çanakkale Matbaa | Etiket, Menü ve Broşür Baskı","Çanakkale Matbaa | Etiket, Menü ve Broşür Baskı","1","1","1",""
"/cankiri-matbaa","city","200","true","Çankırı Matbaa | Kartvizit, Broşür, Kutu Baskı Fiyatları","Çankırı Matbaa | Kartvizit, Broşür, Kutu Baskı Fiyatları","1","1","1",""
"/cerez-politikasi","static","200","false","Çerez Politikası ve Cookie Yönetimi | Mavi Basım Matbaa","Çerez Politikası ve Cookie Yönetimi | Mavi Basım Matbaa","1","1","1","rendered:multiple-breadcrumbs"
"/cilt-isleri","static","200","true","Cilt İşleri ve Form Baskıları - Mavi Basım","Cilt İşleri ve Form Baskıları - Mavi Basım","1","1","1",""
"/corum-matbaa","city","200","true","Çorum Matbaa | Katalog, Etiket ve Kutu Baskısı","Çorum Matbaa | Katalog, Etiket ve Kutu Baskısı","1","1","1",""
"/denizli-matbaa","city","200","true","Denizli Matbaa | Kartvizit, Broşür, Kutu Baskı Fiyatları","Denizli Matbaa | Kartvizit, Broşür, Kutu Baskı Fiyatları","1","1","1",""
"/diyarbakir-matbaa","city","200","true","Diyarbakır Matbaa | Kartvizit, Broşür, Kutu Baskı Fiyatları","Diyarbakır Matbaa | Kartvizit, Broşür, Kutu Baskı Fiyatları","1","1","1",""
"/dosyalar","static","200","true","Cepli Dosya Baskı Fiyatları | Kuşe ve Selefon | Mavi Basım","Cepli Dosya Baskı Fiyatları | Kuşe ve Selefon | Mavi Basım","1","1","1",""
"/duzce-matbaa","city","200","true","Düzce Matbaa | Kartvizit, Broşür, Kutu Baskı Fiyatları","Düzce Matbaa | Kartvizit, Broşür, Kutu Baskı Fiyatları","1","1","1",""
"/edirne-matbaa","city","200","true","Edirne Matbaa | Kartvizit, Broşür, Kutu Baskı Fiyatları","Edirne Matbaa | Kartvizit, Broşür, Kutu Baskı Fiyatları","1","1","1",""
"/el-ilani","static","200","true","El İlanı Baskı Fiyatları | A3, A4, A5 ve Dar Ebat","El İlanı Baskı Fiyatları | A3, A4, A5 ve Dar Ebat","1","1","1","raw:multiple-breadcrumbs | rendered:multiple-breadcrumbs"
"/elazig-magnet-baski","sector","200","true","Elazığ Magnet Baskı | Orcik Üreticileri & Yöresel Peynirciler","Elazığ Magnet Baskı | Orcik Üreticileri & Yöresel Peynirciler","1","1","1","rendered:multiple-breadcrumbs"
"/elazig-matbaa","city","200","true","Elazığ Matbaa | Kartvizit, Broşür, Kutu Baskı Fiyatları","Elazığ Matbaa | Kartvizit, Broşür, Kutu Baskı Fiyatları","1","1","1",""
"/emlak-afis-baski","sector","200","true","Emlak Afiş Baskı | Yırtılmaz Branda ve Bez Emlak Afişleri","Emlak Afiş Baskı | Yırtılmaz Branda ve Bez Emlak Afişleri","1","1","1","rendered:multiple-breadcrumbs"
"/emlakci-kartvizit","sector","200","true","Emlakçı Kartvizit Baskı | Lüks Kabartmalı Gayrimenkul Kartları","Emlakçı Kartvizit Baskı | Lüks Kabartmalı Gayrimenkul Kartları","1","1","1","rendered:multiple-breadcrumbs"
"/erzincan-matbaa","city","200","true","Erzincan Matbaa | Kartvizit, Broşür, Kutu Baskı Fiyatları","Erzincan Matbaa | Kartvizit, Broşür, Kutu Baskı Fiyatları","1","1","1",""
"/erzurum-emlakci-katalog-baski","sector","200","true","Erzurum Halı ve Koltuk Yıkama Baskı | Lüks Konut Portföy Kitapçığı","Erzurum Halı ve Koltuk Yıkama Baskı | Lüks Konut Portföy Kitapçığı","1","1","1","rendered:multiple-breadcrumbs"
"/erzurum-katalog-baski","sector","200","true","Erzurum Katalog Baskı | Palandöken Otelleri & Oltu Kuyumcuları","Erzurum Katalog Baskı | Palandöken Otelleri & Oltu Kuyumcuları","1","1","1","rendered:multiple-breadcrumbs"
"/erzurum-matbaa","city","200","true","Erzurum Matbaa | Kartvizit, Broşür, Kutu Baskı Fiyatları","Erzurum Matbaa | Kartvizit, Broşür, Kutu Baskı Fiyatları","1","1","1",""
"/eskisehir-matbaa","city","200","true","Eskişehir Matbaa | Kartvizit, Broşür, Kutu Baskı Fiyatları","Eskişehir Matbaa | Kartvizit, Broşür, Kutu Baskı Fiyatları","1","1","1",""
"/etiket","static","200","true","Yapışkanlı Etiket ve Sticker Baskı Fiyatları | Mavi Basım","Yapışkanlı Etiket ve Sticker Baskı Fiyatları | Mavi Basım","1","1","1",""
"/etiket-baski","sector","200","true","Yapışkanlı Etiket Baskı Fiyatları | PP Opak ve Şeffaf Rulolar","Yapışkanlı Etiket Baskı Fiyatları | PP Opak ve Şeffaf Rulolar","1","1","1","rendered:multiple-breadcrumbs"
"/etiket-baski-fiyatlari","sector","200","true","Yapışkanlı Etiket Fiyatları | PP Opak vs Tabaka Kuşe Etiketler","Yapışkanlı Etiket Fiyatları | PP Opak vs Tabaka Kuşe Etiketler","1","1","1","rendered:multiple-breadcrumbs"
"/fast-food-cips-kutusu","sector","200","true","Fast Food Cips Kutusu | Çevre Dostu Logolu Karton Ambalajlar","Fast Food Cips Kutusu | Çevre Dostu Logolu Karton Ambalajlar","1","1","1","rendered:multiple-breadcrumbs"
"/fast-food-kampanya-brosuru","sector","200","true","Fast Food Kampanya Broşürü | Lokanta ve Büfe Menü Dağıtımları","Fast Food Kampanya Broşürü | Lokanta ve Büfe Menü Dağıtımları","1","1","1","rendered:multiple-breadcrumbs"
"/gaziantep-brosur-baski","sector","200","true","Gaziantep Broşür Baskı Fiyatları | Gaziantep Online Matbaa","Gaziantep Broşür Baskı Fiyatları | Gaziantep Online Matbaa","1","1","1","rendered:multiple-breadcrumbs"
"/gaziantep-etiket-baski","sector","200","true","Gaziantep Etiket Baskı Fiyatları | Gaziantep Online Matbaa","Gaziantep Etiket Baskı Fiyatları | Gaziantep Online Matbaa","1","1","1","rendered:multiple-breadcrumbs"
"/gaziantep-kartvizit-baski","sector","200","true","Gaziantep Kartvizit Baskı Fiyatları | Gaziantep Online Matbaa","Gaziantep Kartvizit Baskı Fiyatları | Gaziantep Online Matbaa","1","1","1","rendered:multiple-breadcrumbs"
"/gaziantep-katalog-baski","sector","200","true","Gaziantep Katalog Baskı Fiyatları | Gaziantep Online Matbaa","Gaziantep Katalog Baskı Fiyatları | Gaziantep Online Matbaa","1","1","1","rendered:multiple-breadcrumbs"
"/gaziantep-kutu-baski","sector","200","true","Gaziantep Kutu Baskı Fiyatları | Gaziantep Online Matbaa","Gaziantep Kutu Baskı Fiyatları | Gaziantep Online Matbaa","1","1","1","rendered:multiple-breadcrumbs"
"/gaziantep-magnet-baski","sector","200","true","Gaziantep Magnet Baskı Fiyatları | Gaziantep Online Matbaa","Gaziantep Magnet Baskı Fiyatları | Gaziantep Online Matbaa","1","1","1","rendered:multiple-breadcrumbs"
"/gaziantep-matbaa","city","200","true","Gaziantep Matbaa | Kartvizit, Broşür, Kutu Baskı Fiyatları","Gaziantep Matbaa | Kartvizit, Broşür, Kutu Baskı Fiyatları","1","1","1",""
"/gebze-eczane-etiket-baski","sector","200","true","Gebze Eczane Etiket Baskı | Reçete ve Sağlık Şişesi Yapışkanları","Gebze Eczane Etiket Baskı | Reçete ve Sağlık Şişesi Yapışkanları","1","1","1","rendered:multiple-breadcrumbs"
"/gebze-kutu-baski","sector","200","true","Gebze Kutu Baskı | Logolu Yaprak ve Gıda Ambalajı","Gebze Kutu Baskı | Logolu Yaprak ve Gıda Ambalajı","1","1","1","rendered:multiple-breadcrumbs"
"/gider-makbuzu","static","200","true","Gider Makbuzu Baskı Fiyatları | Otokopili ve Numaratörlü Gider Makbuzu Basımı","Gider Makbuzu Baskı Fiyatları | Otokopili ve Numaratörlü Gider Makbuzu Basımı","1","1","1",""
"/giresun-fast-food-cips-kutusu-baski","sector","200","true","Giresun Fast Food Cips Kutusu Baskı | Logolu Atıştırmalık Ambalajı","Giresun Fast Food Cips Kutusu Baskı | Logolu Atıştırmalık Ambalajı","1","1","1","rendered:multiple-breadcrumbs"
"/giresun-kartvizit-baski","sector","200","true","Giresun Kartvizit Baskı | Kalın Bristol & Fındık Ambalaj","Giresun Kartvizit Baskı | Kalın Bristol & Fındık Ambalaj","1","1","1","rendered:multiple-breadcrumbs"
"/giresun-matbaa","city","200","true","Giresun Matbaa | Kartvizit, Broşür, Kutu Baskı Fiyatları","Giresun Matbaa | Kartvizit, Broşür, Kutu Baskı Fiyatları","1","1","1",""
"/giris-bileti","static","200","true","Numaratörlü Giriş Bileti / Etkinlik Bileti Baskısı | Mavi Basım","Numaratörlü Giriş Bileti / Etkinlik Bileti Baskısı | Mavi Basım","1","1","1","rendered:multiple-breadcrumbs"
"/gizlilik-politikasi","static","200","false","Gizlilik Politikası ve KVKK Aydınlatma Metni | Mavi Basım Matbaa","Gizlilik Politikası ve KVKK Aydınlatma Metni | Mavi Basım Matbaa","1","1","1","rendered:multiple-breadcrumbs"
"/grafik-tasarim","static","200","true","Profesyonel Grafik Tasarım & Kurumsal Kimlik - Mavi Basım","Profesyonel Grafik Tasarım & Kurumsal Kimlik - Mavi Basım","1","1","1",""
"/gumushane-matbaa","city","200","true","Gümüşhane Matbaa | Kartvizit, Broşür, Kutu Baskı Fiyatları","Gümüşhane Matbaa | Kartvizit, Broşür, Kutu Baskı Fiyatları","1","1","1",""
"/hakkari-matbaa","city","200","true","Hakkari Matbaa | Kartvizit, Broşür, Kutu Baskı Fiyatları","Hakkari Matbaa | Kartvizit, Broşür, Kutu Baskı Fiyatları","1","1","1",""
"/hakkimizda","static","200","true","Hakkımızda | Mavi Basım Matbaa & Reklam İstanbul Topkapı","Hakkımızda | Mavi Basım Matbaa & Reklam İstanbul Topkapı","1","1","1",""
"/hali-koltuk-yikama-baski","sector","200","true","Halı ve Koltuk Yıkama Baskı | Broşür, El İlanı ve Magnet Çözümleri","Halı ve Koltuk Yıkama Baskı | Broşür, El İlanı ve Magnet Çözümleri","1","1","1","rendered:multiple-breadcrumbs"
"/hatay-matbaa","city","200","true","Hatay Matbaa | Kartvizit, Broşür, Kutu Baskı Fiyatları","Hatay Matbaa | Kartvizit, Broşür, Kutu Baskı Fiyatları","1","1","1",""
"/igdir-matbaa","city","200","true","Iğdır Matbaa | Kartvizit, Broşür, Kutu Baskı Fiyatları","Iğdır Matbaa | Kartvizit, Broşür, Kutu Baskı Fiyatları","1","1","1",""
"/iletisim","static","200","true","İletişim ve Fiyat Teklifi | Zeytinburnu - Mavi Basım","İletişim ve Fiyat Teklifi | Zeytinburnu - Mavi Basım","1","1","1",""
"/iptal-ve-iade-sartlari","static","200","false","İptal ve İade Şartları | Mavi Basım Matbaa & Reklam","İptal ve İade Şartları | Mavi Basım Matbaa & Reklam","1","1","1","rendered:multiple-breadcrumbs"
"/isparta-matbaa","city","200","true","Isparta Matbaa | Kartvizit, Broşür, Kutu Baskı Fiyatları","Isparta Matbaa | Kartvizit, Broşür, Kutu Baskı Fiyatları","1","1","1",""
"/istanbul-brosur-baski","sector","200","true","İstanbul Broşür Baskı Fiyatları | Topkapı Matbaacılar Sitesi İmalatı","İstanbul Broşür Baskı Fiyatları | Topkapı Matbaacılar Sitesi İmalatı","1","1","1","rendered:multiple-breadcrumbs"
"/istanbul-matbaa","city","200","true","İstanbul Matbaa | Online Baskı, Kartvizit, Broşür, Kutu","İstanbul Matbaa | Online Baskı, Kartvizit, Broşür, Kutu","1","1","1",""
"/izmir-brosur-baski","sector","200","true","İzmir Broşür Baskı Fiyatları | İzmir Online Matbaa","İzmir Broşür Baskı Fiyatları | İzmir Online Matbaa","1","1","1","rendered:multiple-breadcrumbs"
"/izmir-etiket-baski","sector","200","true","İzmir Etiket Baskı Fiyatları | İzmir Online Matbaa","İzmir Etiket Baskı Fiyatları | İzmir Online Matbaa","1","1","1","rendered:multiple-breadcrumbs"
"/izmir-kartvizit-baski","sector","200","true","İzmir Kartvizit Baskı Fiyatları | İzmir Online Matbaa","İzmir Kartvizit Baskı Fiyatları | İzmir Online Matbaa","1","1","1","rendered:multiple-breadcrumbs"
"/izmir-katalog-baski","sector","200","true","İzmir Katalog Baskı Fiyatları | İzmir Online Matbaa","İzmir Katalog Baskı Fiyatları | İzmir Online Matbaa","1","1","1","rendered:multiple-breadcrumbs"
"/izmir-kutu-baski","sector","200","true","İzmir Kutu Baskı Fiyatları | İzmir Online Matbaa","İzmir Kutu Baskı Fiyatları | İzmir Online Matbaa","1","1","1","rendered:multiple-breadcrumbs"
"/izmir-magnet-baski","sector","200","true","İzmir Magnet Baskı Fiyatları | İzmir Online Matbaa","İzmir Magnet Baskı Fiyatları | İzmir Online Matbaa","1","1","1","rendered:multiple-breadcrumbs"
"/izmir-matbaa","city","200","true","İzmir’e Kargo ile Matbaa, Etiket ve Ambalaj Baskı | Mavi Basım","İzmir’e Kargo ile Matbaa, Etiket ve Ambalaj Baskı | Mavi Basım","1","1","1",""
"/kahramanmaras-matbaa","city","200","true","Kahramanmaraş Matbaa | Kartvizit, Broşür, Kutu Baskı Fiyatları","Kahramanmaraş Matbaa | Kartvizit, Broşür, Kutu Baskı Fiyatları","1","1","1",""
"/karabuk-matbaa","city","200","true","Karabük Matbaa | Kartvizit, Broşür, Kutu Baskı Fiyatları","Karabük Matbaa | Kartvizit, Broşür, Kutu Baskı Fiyatları","1","1","1",""
"/karaman-matbaa","city","200","true","Karaman Matbaa | Kartvizit, Broşür, Kutu Baskı Fiyatları","Karaman Matbaa | Kartvizit, Broşür, Kutu Baskı Fiyatları","1","1","1",""
"/kars-matbaa","city","200","true","Kars Matbaa | Kartvizit, Broşür, Kutu Baskı Fiyatları","Kars Matbaa | Kartvizit, Broşür, Kutu Baskı Fiyatları","1","1","1",""
"/karton-canta","static","200","true","Karton Çanta Baskı Fiyatları | İpli Poşet - Mavi Basım","Karton Çanta Baskı Fiyatları | İpli Poşet - Mavi Basım","1","1","1",""
"/kartvizit","static","200","true","Kartvizit Baskı Fiyatları | 1.000 Adet ve Kalın Kartvizit","Kartvizit Baskı Fiyatları | 1.000 Adet ve Kalın Kartvizit","1","1","1",""
"/kartvizit-fiyatlari","sector","200","true","Kartvizit Baskı Fiyatları | Kabartma Lak, Şeffaf ve Sıvama Kartlar","Kartvizit Baskı Fiyatları | Kabartma Lak, Şeffaf ve Sıvama Kartlar","1","1","1","rendered:multiple-breadcrumbs"
"/kastamonu-matbaa","city","200","true","Kastamonu Matbaa | Kartvizit, Broşür, Kutu Baskı Fiyatları","Kastamonu Matbaa | Kartvizit, Broşür, Kutu Baskı Fiyatları","1","1","1",""
"/katalog","static","301","false","","Katalog Baskı Fiyatları | Çok Sayfalı Ürün Kataloğu - Mavi Basım","1","0","1",""
"/kataloglar","static","200","true","Katalog Baskı Fiyatları | Çok Sayfalı Ürün Kataloğu - Mavi Basım","Katalog Baskı Fiyatları | Çok Sayfalı Ürün Kataloğu - Mavi Basım","1","1","1",""
"/kayseri-brosur-baski","sector","200","true","Kayseri Broşür Baskı Fiyatları | Kayseri Online Matbaa","Kayseri Broşür Baskı Fiyatları | Kayseri Online Matbaa","1","1","1","rendered:multiple-breadcrumbs"
"/kayseri-emlakci-afis-baski","sector","200","true","Kayseri Emlakçı Afiş Baskı | Satılık Kiralık Branda ve Bez Afişler","Kayseri Emlakçı Afiş Baskı | Satılık Kiralık Branda ve Bez Afişler","1","1","1","rendered:multiple-breadcrumbs"
"/kayseri-etiket-baski","sector","200","true","Kayseri Etiket Baskı Fiyatları | Kayseri Online Matbaa","Kayseri Etiket Baskı Fiyatları | Kayseri Online Matbaa","1","1","1","rendered:multiple-breadcrumbs"
"/kayseri-kartvizit-baski","sector","200","true","Kayseri Kartvizit Baskı Fiyatları | Kayseri Online Matbaa","Kayseri Kartvizit Baskı Fiyatları | Kayseri Online Matbaa","1","1","1","rendered:multiple-breadcrumbs"
"/kayseri-katalog-baski","sector","200","true","Kayseri Katalog Baskı Fiyatları | Kayseri Online Matbaa","Kayseri Katalog Baskı Fiyatları | Kayseri Online Matbaa","1","1","1","rendered:multiple-breadcrumbs"
"/kayseri-kutu-baski","sector","200","true","Kayseri Kutu Baskı | Sucuk, Pastırma & Mobilya Ambalajı","Kayseri Kutu Baskı | Sucuk, Pastırma & Mobilya Ambalajı","1","1","1","rendered:multiple-breadcrumbs"
"/kayseri-magnet-baski","sector","200","true","Kayseri Magnet Baskı Fiyatları | Kayseri Online Matbaa","Kayseri Magnet Baskı Fiyatları | Kayseri Online Matbaa","1","1","1","rendered:multiple-breadcrumbs"
"/kayseri-matbaa","city","200","true","Kayseri Matbaa | Kartvizit, Broşür, Kutu Baskı Fiyatları","Kayseri Matbaa | Kartvizit, Broşür, Kutu Baskı Fiyatları","1","1","1",""
"/kilis-matbaa","city","200","true","Kilis Matbaa | Kartvizit, Broşür, Kutu Baskı Fiyatları","Kilis Matbaa | Kartvizit, Broşür, Kutu Baskı Fiyatları","1","1","1",""
"/kirikkale-matbaa","city","200","true","Kırıkkale Matbaa | Kartvizit, Broşür, Kutu Baskı Fiyatları","Kırıkkale Matbaa | Kartvizit, Broşür, Kutu Baskı Fiyatları","1","1","1",""
"/kirklareli-matbaa","city","200","true","Kırklareli Matbaa | Kartvizit, Broşür, Kutu Baskı Fiyatları","Kırklareli Matbaa | Kartvizit, Broşür, Kutu Baskı Fiyatları","1","1","1",""
"/kirsehir-matbaa","city","200","true","Kırşehir Matbaa | Kartvizit, Broşür, Kutu Baskı Fiyatları","Kırşehir Matbaa | Kartvizit, Broşür, Kutu Baskı Fiyatları","1","1","1",""
"/kitap-ayraci","static","200","true","Kitap Ayracı Baskı Fiyatları | 350 gr Kuşe - Mavi Basım","Kitap Ayracı Baskı Fiyatları | 350 gr Kuşe - Mavi Basım","1","1","1",""
"/kocaeli-matbaa","city","200","true","Kocaeli Matbaa | Kartvizit, Broşür, Kutu Baskı Fiyatları","Kocaeli Matbaa | Kartvizit, Broşür, Kutu Baskı Fiyatları","1","1","1",""
"/konya-brosur-baski","sector","200","true","Konya Broşür Baskı Fiyatları | Konya Online Matbaa","Konya Broşür Baskı Fiyatları | Konya Online Matbaa","1","1","1","rendered:multiple-breadcrumbs"
"/konya-etiket-baski","sector","200","true","Konya Etiket Baskı Fiyatları | Konya Online Matbaa","Konya Etiket Baskı Fiyatları | Konya Online Matbaa","1","1","1","rendered:multiple-breadcrumbs"
"/konya-kartvizit-baski","sector","200","true","Konya Kartvizit Baskı Fiyatları | Konya Online Matbaa","Konya Kartvizit Baskı Fiyatları | Konya Online Matbaa","1","1","1","rendered:multiple-breadcrumbs"
"/konya-katalog-baski","sector","200","true","Konya Katalog Baskı | Tarım Makineleri & Sanayi Kataloğu","Konya Katalog Baskı | Tarım Makineleri & Sanayi Kataloğu","1","1","1","rendered:multiple-breadcrumbs"
"/konya-kutu-baski","sector","200","true","Konya Kutu Baskı Fiyatları | Konya Online Matbaa","Konya Kutu Baskı Fiyatları | Konya Online Matbaa","1","1","1","rendered:multiple-breadcrumbs"
"/konya-magnet-baski","sector","200","true","Konya Magnet Baskı Fiyatları | Konya Online Matbaa","Konya Magnet Baskı Fiyatları | Konya Online Matbaa","1","1","1","rendered:multiple-breadcrumbs"
"/konya-matbaa","city","200","true","Konya Matbaa | Kartvizit, Broşür, Kutu Baskı Fiyatları","Konya Matbaa | Kartvizit, Broşür, Kutu Baskı Fiyatları","1","1","1",""
"/kullanim-sartlari","static","200","false","Kullanım Şartları ve Hizmet Sözleşmesi | Mavi Basım Matbaa","Kullanım Şartları ve Hizmet Sözleşmesi | Mavi Basım Matbaa","1","1","1","rendered:multiple-breadcrumbs"
"/kup-bloknot","static","200","true","Küp Bloknot Baskı Fiyatları | Logolu Promosyon Küp Bloknot","Küp Bloknot Baskı Fiyatları | Logolu Promosyon Küp Bloknot","1","1","1",""
"/kutahya-matbaa","city","200","true","Kütahya Matbaa | Kartvizit, Broşür, Kutu Baskı Fiyatları","Kütahya Matbaa | Kartvizit, Broşür, Kutu Baskı Fiyatları","1","1","1",""
"/kutu","static","200","true","Karton Kutu Baskı | Özel Kesim Ambalaj | Mavi Basım","Karton Kutu Baskı | Özel Kesim Ambalaj | Mavi Basım","1","1","1",""
"/kutu-baski-fiyatlari","sector","200","true","Karton Kutu Baskı Fiyatları | Baklava, Pasta ve Ambalaj Kolileri","Karton Kutu Baskı Fiyatları | Baklava, Pasta ve Ambalaj Kolileri","1","1","1","rendered:multiple-breadcrumbs"
"/lokanta-amerikan-servis","sector","200","true","Lokanta Amerikan Servis Baskı | Kağıt Masa Örtüsü","Lokanta Amerikan Servis Baskı | Kağıt Masa Örtüsü","1","1","1","rendered:multiple-breadcrumbs"
"/magnet","static","200","true","Magnet Baskı Fiyatları | Buzdolabı ve Özel Kesim Magnet","Magnet Baskı Fiyatları | Buzdolabı ve Özel Kesim Magnet","1","1","1","rendered:multiple-breadcrumbs"
"/magnet-baski-fiyatlari","sector","200","true","Buzdolabı Magnet Baskı Fiyatları | 0.40 mm Mıknatıs Levha Baremi","Buzdolabı Magnet Baskı Fiyatları | 0.40 mm Mıknatıs Levha Baremi","1","1","1","rendered:multiple-breadcrumbs"
"/makbuz","static","301","false","","Makbuz ve Form Baskı Fiyatları | Mavi Basım","1","0","1",""
"/makbuz-ve-formlar","static","200","true","Makbuz ve Form Baskı Fiyatları | Mavi Basım","Makbuz ve Form Baskı Fiyatları | Mavi Basım","1","1","1",""
"/makine-parkuru","static","200","true","Makine Parkurumuz ve Teknik Üretim Altyapımız | Mavi Basım Matbaa","Makine Parkurumuz ve Teknik Üretim Altyapımız | Mavi Basım Matbaa","1","1","1","rendered:multiple-breadcrumbs"
"/malatya-brosur-baski","sector","200","true","Malatya Broşür Baskı | Kayısı Entegre & Yerel Kafeler","Malatya Broşür Baskı | Kayısı Entegre & Yerel Kafeler","1","1","1","rendered:multiple-breadcrumbs"
"/malatya-matbaa","city","200","true","Malatya Matbaa | Kartvizit, Broşür, Kutu Baskı Fiyatları","Malatya Matbaa | Kartvizit, Broşür, Kutu Baskı Fiyatları","1","1","1",""
"/manisa-matbaa","city","200","true","Manisa Matbaa | Kartvizit, Broşür, Kutu Baskı Fiyatları","Manisa Matbaa | Kartvizit, Broşür, Kutu Baskı Fiyatları","1","1","1",""
"/mardin-matbaa","city","200","true","Mardin Matbaa | Yöresel Ürün Etiketi ve Kutu Baskı","Mardin Matbaa | Yöresel Ürün Etiketi ve Kutu Baskı","1","1","1",""
"/matbaa","static","200","true","Matbaa Hizmetleri ve Üretim Tesisimiz - Mavi Basım","Matbaa Hizmetleri ve Üretim Tesisimiz - Mavi Basım","1","1","1",""
"/mersin-matbaa","city","200","true","Mersin’e Kargo ile Matbaa ve Ambalaj Baskı | Mavi Basım","Mersin’e Kargo ile Matbaa ve Ambalaj Baskı | Mavi Basım","1","1","1",""
"/mesafeli-satis-sozlesmesi","static","200","false","Mesafeli Satış Sözleşmesi | Mavi Basım Matbaa & Reklam","Mesafeli Satış Sözleşmesi | Mavi Basım Matbaa & Reklam","1","1","1","rendered:multiple-breadcrumbs"
"/mugla-kartvizit-baski","sector","200","true","Muğla Kartvizit Baskı Fiyatları | Tuale ve Sıvamalı Kalın Kartlar","Muğla Kartvizit Baskı Fiyatları | Tuale ve Sıvamalı Kalın Kartlar","1","1","1","rendered:multiple-breadcrumbs"
"/mugla-kutu-baski","sector","200","true","Muğla Kutu Baskı | Markalı Ambalaj & Hediyelik Sabun-Çam Balı Kutusu","Muğla Kutu Baskı | Markalı Ambalaj & Hediyelik Sabun-Çam Balı Kutusu","1","1","1","rendered:multiple-breadcrumbs"
"/mugla-matbaa","city","200","true","Muğla Matbaa | Menü, Amerikan Servis ve Etiket Baskı","Muğla Matbaa | Menü, Amerikan Servis ve Etiket Baskı","1","1","1",""
"/mus-matbaa","city","200","true","Muş Matbaa | Kartvizit, Broşür, Kutu Baskı Fiyatları","Muş Matbaa | Kartvizit, Broşür, Kutu Baskı Fiyatları","1","1","1",""
"/nevsehir-matbaa","city","200","true","Nevşehir Matbaa | Kartvizit, Broşür, Kutu Baskı Fiyatları","Nevşehir Matbaa | Kartvizit, Broşür, Kutu Baskı Fiyatları","1","1","1",""
"/nigde-matbaa","city","200","true","Niğde Matbaa | Kartvizit, Broşür, Kutu Baskı Fiyatları","Niğde Matbaa | Kartvizit, Broşür, Kutu Baskı Fiyatları","1","1","1",""
"/ordu-findik-firmasi-katalog-baski","sector","200","true","Ordu Fındık Firması Katalog Baskı | İhracat Kalite Ürün Kataloğu","Ordu Fındık Firması Katalog Baskı | İhracat Kalite Ürün Kataloğu","1","1","1","rendered:multiple-breadcrumbs"
"/ordu-magnet-baski","sector","200","true","Ordu Magnet Baskı | Fındık Firmaları & Paket Servis","Ordu Magnet Baskı | Fındık Firmaları & Paket Servis","1","1","1","rendered:multiple-breadcrumbs"
"/ordu-matbaa","city","200","true","Ordu’ya Kargo ile Matbaa, Fındık Ambalajı ve Etiket Baskı | Mavi Basım","Ordu’ya Kargo ile Matbaa, Fındık Ambalajı ve Etiket Baskı | Mavi Basım","1","1","1",""
"/osmaniye-matbaa","city","200","true","Osmaniye’ye Kargo ile Matbaa ve Ambalaj Baskı | Mavi Basım","Osmaniye’ye Kargo ile Matbaa ve Ambalaj Baskı | Mavi Basım","1","1","1",""
"/oto-paspas","static","200","true","Oto Paspas Baskı Fiyatları | Logolu Kağıt Oto Paspas","Oto Paspas Baskı Fiyatları | Logolu Kağıt Oto Paspas","1","1","1",""
"/para-makbuzu","static","200","true","Numaratörlü Para Makbuzu Baskı Fiyatları | Mavi Basım Matbaa","Numaratörlü Para Makbuzu Baskı Fiyatları | Mavi Basım Matbaa","1","1","1",""
"/perakende-satis-fisi","static","200","true","Perakende Satış Fişi Koçanı Baskı Fiyatları | Mavi Basım","Perakende Satış Fişi Koçanı Baskı Fiyatları | Mavi Basım","1","1","1","rendered:multiple-breadcrumbs"
"/recete","static","200","true","Reçete Baskı Fiyatları 2026 | Numaratörlü Reçete Koçanı Baskısı","Reçete Baskı Fiyatları 2026 | Numaratörlü Reçete Koçanı Baskısı","1","1","1",""
"/referanslar","static","200","true","Referanslarımız ve Güven Sinyalleri - Mavi Basım","Referanslarımız ve Güven Sinyalleri - Mavi Basım","1","1","1",""
"/restaurant-siparis-fisi","sector","200","true","Restoran Sipariş Fişi Baskı | Otokopili Numaratörlü Fişler","Restoran Sipariş Fişi Baskı | Otokopili Numaratörlü Fişler","1","1","1","rendered:multiple-breadcrumbs"
"/rize-brosur-baski","sector","200","true","Rize Broşür Baskı | Çay Fabrikaları & Bungalov Otelleri","Rize Broşür Baskı | Çay Fabrikaları & Bungalov Otelleri","1","1","1","rendered:multiple-breadcrumbs"
"/rize-lokanta-amerikan-servis","sector","200","true","Rize Lokanta Amerikan Servis Baskı | Tek Kullanımlık Kağıt Altlık","Rize Lokanta Amerikan Servis Baskı | Tek Kullanımlık Kağıt Altlık","1","1","1","rendered:multiple-breadcrumbs"
"/rize-matbaa","city","200","true","Rize’ye Kargo ile Matbaa, Çay Ambalajı ve Turizm Baskı | Mavi Basım","Rize’ye Kargo ile Matbaa, Çay Ambalajı ve Turizm Baskı | Mavi Basım","1","1","1",""
"/sakarya-matbaa","city","200","true","Sakarya Matbaa | Kartvizit, Broşür, Kutu Baskı Fiyatları","Sakarya Matbaa | Kartvizit, Broşür, Kutu Baskı Fiyatları","1","1","1",""
"/samsun-brosur-baski","sector","200","true","Samsun Broşür Baskı Fiyatları | Samsun Online Matbaa","Samsun Broşür Baskı Fiyatları | Samsun Online Matbaa","1","1","1","rendered:multiple-breadcrumbs"
"/samsun-etiket-baski","sector","200","true","Samsun Etiket Baskı Fiyatları | Samsun Online Matbaa","Samsun Etiket Baskı Fiyatları | Samsun Online Matbaa","1","1","1","rendered:multiple-breadcrumbs"
"/samsun-kartvizit-baski","sector","200","true","Samsun Kartvizit Baskı | Uygun Fiyatlı Online Matbaa","Samsun Kartvizit Baskı | Uygun Fiyatlı Online Matbaa","1","1","1","rendered:multiple-breadcrumbs"
"/samsun-katalog-baski","sector","200","true","Samsun Katalog Baskı Fiyatları | Samsun Online Matbaa","Samsun Katalog Baskı Fiyatları | Samsun Online Matbaa","1","1","1","rendered:multiple-breadcrumbs"
"/samsun-kutu-baski","sector","200","true","Samsun Kutu Baskı Fiyatları | Samsun Online Matbaa","Samsun Kutu Baskı Fiyatları | Samsun Online Matbaa","1","1","1","rendered:multiple-breadcrumbs"
"/samsun-magnet-baski","sector","200","true","Samsun Magnet Baskı Fiyatları | Samsun Online Matbaa","Samsun Magnet Baskı Fiyatları | Samsun Online Matbaa","1","1","1","rendered:multiple-breadcrumbs"
"/samsun-matbaa","city","200","true","Samsun’a Kargo ile Matbaa, Etiket ve Ambalaj Baskı | Mavi Basım","Samsun’a Kargo ile Matbaa, Etiket ve Ambalaj Baskı | Mavi Basım","1","1","1",""
"/samsun-restoran-brosur-baski","sector","200","true","Samsun Restoran Broşür Baskı | Katlamalı Restoran Sipariş Fişleri","Samsun Restoran Broşür Baskı | Katlamalı Restoran Sipariş Fişleri","1","1","1","rendered:multiple-breadcrumbs"
"/sanliurfa-matbaa","city","200","true","Şanlıurfa Matbaa | Kartvizit, Broşür, Kutu Baskı Fiyatları","Şanlıurfa Matbaa | Kartvizit, Broşür, Kutu Baskı Fiyatları","1","1","1",""
"/sektor/donerci-magnet-baski","sector","200","true","Dönerci Magnet Baskı Fiyatları | Figürlü Özel Kesim Buzdolabı Magneti","Dönerci Magnet Baskı Fiyatları | Figürlü Özel Kesim Buzdolabı Magneti","1","1","1","rendered:multiple-breadcrumbs"
"/sektor/e-ticaret-baski","static","301","false","","E-Ticaret ve Perakende Baskı Çözümleri | Mavi Basım","1","0","1","rendered:multiple-breadcrumbs"
"/sektor/e-ticaret-perakende-baski","sector","200","true","E-Ticaret ve Perakende Baskı Çözümleri | Mavi Basım","E-Ticaret ve Perakende Baskı Çözümleri | Mavi Basım","1","1","1","rendered:multiple-breadcrumbs"
"/sektor/eczane-el-ilani-baski","sector","200","true","Eczane ve Sağlık Bilgilendirme İlanı Baskısı | Medikal El İlanları","Eczane ve Sağlık Bilgilendirme İlanı Baskısı | Medikal El İlanları","1","1","1","rendered:multiple-breadcrumbs"
"/sektor/egitim-kurumlari-baski","sector","200","true","Eğitim Kurumları Baskı Çözümleri | Mavi Basım","Eğitim Kurumları Baskı Çözümleri | Mavi Basım","1","1","1","rendered:multiple-breadcrumbs"
"/sektor/emlakci-kartvizit-baski","sector","200","true","Emlakçı Kartvizit Baskı Fiyatları | Cam Filmi ve Branda Afişleri","Emlakçı Kartvizit Baskı Fiyatları | Cam Filmi ve Branda Afişleri","1","1","1","rendered:multiple-breadcrumbs"
"/sektor/fast-food-cips-kutusu-baski","sector","200","true","Fast Food Cips Kutusu Modelleri | Logolu Patates ve Atıştırmalık Ambalajı","Fast Food Cips Kutusu Modelleri | Logolu Patates ve Atıştırmalık Ambalajı","1","1","1","rendered:multiple-breadcrumbs"
"/sektor/gida-kooperatif-baski","static","301","false","","Kutu ve Ambalaj Baskı Çözümleri | Mavi Basım","1","0","1","rendered:multiple-breadcrumbs"
"/sektor/kafe-menu-baski","sector","200","true","Kafe Menü Baskı Fiyatları | Logolu Amerikan Servis ve Masa Kartı","Kafe Menü Baskı Fiyatları | Logolu Amerikan Servis ve Masa Kartı","1","1","1","rendered:multiple-breadcrumbs"
"/sektor/kozmetik-guzellik-merkezi-baski","sector","200","true","Güzellik Merkezi ve Kozmetik Baskı Çözümleri | Mavi Basım","Güzellik Merkezi ve Kozmetik Baskı Çözümleri | Mavi Basım","1","1","1","rendered:multiple-breadcrumbs"
"/sektor/kozmetik-guzellik-saglik-baski","static","301","false","","Güzellik Merkezi ve Kozmetik Baskı Çözümleri | Mavi Basım","1","0","1","rendered:multiple-breadcrumbs"
"/sektor/kuafor-kartvizit-baski","sector","200","true","Kuaför Kartvizit Baskı | Berber ve Güzellik Salonu","Kuaför Kartvizit Baskı | Berber ve Güzellik Salonu","1","1","1","rendered:multiple-breadcrumbs"
"/sektor/kutu-ambalaj-baski-cozumleri","sector","200","true","Kutu ve Ambalaj Baskı Çözümleri | Mavi Basım","Kutu ve Ambalaj Baskı Çözümleri | Mavi Basım","1","1","1","rendered:multiple-breadcrumbs"
"/sektor/lokanta-amerikan-servis-baski","sector","200","true","Lokanta Amerikan Servis Baskı Fiyatları | Logolu Kağıt Servis","Lokanta Amerikan Servis Baskı Fiyatları | Logolu Kağıt Servis","1","1","1","rendered:multiple-breadcrumbs"
"/sektor/pastane-kutu-baski","sector","200","true","Pastane Kutu Baskı Fiyatları | Logolu Baklava ve Pasta Kutusu","Pastane Kutu Baskı Fiyatları | Logolu Baklava ve Pasta Kutusu","1","1","1","rendered:multiple-breadcrumbs"
"/sektor/restoran-brosur-baski","sector","200","true","Restoran Broşür Baskı | Paket Servis Menü Broşürü","Restoran Broşür Baskı | Paket Servis Menü Broşürü","1","1","1","rendered:multiple-breadcrumbs"
"/sigorta-policeleri","static","200","true","Sigorta Poliçesi ve Teklif Formu Baskısı | Mavi Basım","Sigorta Poliçesi ve Teklif Formu Baskısı | Mavi Basım","1","1","1","rendered:multiple-breadcrumbs"
"/siirt-matbaa","city","200","true","Siirt Matbaa | Kartvizit, Broşür, Kutu Baskı Fiyatları","Siirt Matbaa | Kartvizit, Broşür, Kutu Baskı Fiyatları","1","1","1",""
"/sikca-sorulan","static","200","true","Sıkça Sorulan Sorular | Sipariş ve Teslimat - Mavi Basım","Sıkça Sorulan Sorular | Sipariş ve Teslimat - Mavi Basım","1","1","1",""
"/sinop-magnet-baski","sector","200","true","Sinop Magnet Baskı | Turizm ve Yerel Lezzetler","Sinop Magnet Baskı | Turizm ve Yerel Lezzetler","1","1","1","rendered:multiple-breadcrumbs"
"/sinop-matbaa","city","200","true","Sinop’a Kargo ile Matbaa, Turizm ve Gıda Ambalaj Baskı | Mavi Basım","Sinop’a Kargo ile Matbaa, Turizm ve Gıda Ambalaj Baskı | Mavi Basım","1","1","1",""
"/siparis-fisi","static","200","true","Sipariş Fişi Baskı Fiyatları 2026 | Otokopili ve Numaratörlü","Sipariş Fişi Baskı Fiyatları 2026 | Otokopili ve Numaratörlü","1","1","1","rendered:multiple-breadcrumbs"
"/siparis-fisi-baski-fiyatlari","static","200","false","Sipariş Fişi Baskı Fiyatları 2026 | Otokopili ve Numaratörlü","Sipariş Fişi Baskı Fiyatları 2026 | Otokopili ve Numaratörlü","1","1","1",""
"/sirnak-matbaa","city","200","true","Şırnak Matbaa | Kartvizit, Broşür, Kutu Baskı Fiyatları","Şırnak Matbaa | Kartvizit, Broşür, Kutu Baskı Fiyatları","1","1","1",""
"/sivas-matbaa","city","200","true","Sivas Matbaa | Kartvizit, Broşür, Kutu Baskı Fiyatları","Sivas Matbaa | Kartvizit, Broşür, Kutu Baskı Fiyatları","1","1","1",""
"/sozlesme-baski","static","200","true","Sözleşme Baskı | Numaratörlü Otokopili Sözleşme Koçanı Baskısı","Sözleşme Baskı | Numaratörlü Otokopili Sözleşme Koçanı Baskısı","1","1","1",""
"/tahsilat-makbuzu","static","200","true","Tahsilat Makbuzu Baskı Fiyatları | Otokopili ve Numaratörlü","Tahsilat Makbuzu Baskı Fiyatları | Otokopili ve Numaratörlü","1","1","1",""
"/tediye-makbuzu","static","200","true","Tediye Makbuzu Baskı Fiyatları 2026 | Numaratörlü ve Otokopili","Tediye Makbuzu Baskı Fiyatları 2026 | Numaratörlü ve Otokopili","1","1","1","rendered:multiple-breadcrumbs"
"/tekirdag-matbaa","city","200","true","Tekirdağ Matbaa | Kartvizit, Broşür, Kutu Baskı Fiyatları","Tekirdağ Matbaa | Kartvizit, Broşür, Kutu Baskı Fiyatları","1","1","1",""
"/teslimat-sartlari","static","200","false","Teslimat Şartları ve Kargo Gönderim Rehberi | Mavi Basım Matbaa","Teslimat Şartları ve Kargo Gönderim Rehberi | Mavi Basım Matbaa","1","1","1","rendered:multiple-breadcrumbs"
"/teslimat-ve-iade","static","301","false","","Teslimat Şartları ve Kargo Gönderim Rehberi | Mavi Basım Matbaa","1","0","1","rendered:multiple-breadcrumbs"
"/tokat-matbaa","city","200","true","Tokat Matbaa | Kartvizit, Broşür, Kutu Baskı Fiyatları","Tokat Matbaa | Kartvizit, Broşür, Kutu Baskı Fiyatları","1","1","1",""
"/trabzon-brosur-baski","sector","200","true","Trabzon Broşür Baskı | Katlamalı Kafe ve Otel Menüleri","Trabzon Broşür Baskı | Katlamalı Kafe ve Otel Menüleri","1","1","1","rendered:multiple-breadcrumbs"
"/trabzon-etiket-baski","sector","200","true","Trabzon Etiket Baskı Fiyatları | Trabzon Online Matbaa","Trabzon Etiket Baskı Fiyatları | Trabzon Online Matbaa","1","1","1","rendered:multiple-breadcrumbs"
"/trabzon-kafe-menu-baski","sector","200","true","Trabzon Kafe Menü Baskı | Kraft Kalın Menü ve Amerikan Servis","Trabzon Kafe Menü Baskı | Kraft Kalın Menü ve Amerikan Servis","1","1","1","rendered:multiple-breadcrumbs"
"/trabzon-kartvizit-baski","sector","200","true","Trabzon Kartvizit Baskı Fiyatları | Trabzon Online Matbaa","Trabzon Kartvizit Baskı Fiyatları | Trabzon Online Matbaa","1","1","1","rendered:multiple-breadcrumbs"
"/trabzon-katalog-baski","sector","200","true","Trabzon Katalog Baskı Fiyatları | Trabzon Online Matbaa","Trabzon Katalog Baskı Fiyatları | Trabzon Online Matbaa","1","1","1","rendered:multiple-breadcrumbs"
"/trabzon-kutu-baski","sector","200","true","Trabzon Kutu Baskı Fiyatları | Trabzon Online Matbaa","Trabzon Kutu Baskı Fiyatları | Trabzon Online Matbaa","1","1","1","rendered:multiple-breadcrumbs"
"/trabzon-magnet-baski","sector","200","true","Trabzon Magnet Baskı Fiyatları | Trabzon Online Matbaa","Trabzon Magnet Baskı Fiyatları | Trabzon Online Matbaa","1","1","1","rendered:multiple-breadcrumbs"
"/trabzon-matbaa","city","200","true","Trabzon’a Kargo ile Matbaa, Turizm ve Ambalaj Baskı | Mavi Basım","Trabzon’a Kargo ile Matbaa, Turizm ve Ambalaj Baskı | Mavi Basım","1","1","1",""
"/tunceli-matbaa","city","200","true","Tunceli Matbaa | Kartvizit, Broşür, Kutu Baskı Fiyatları","Tunceli Matbaa | Kartvizit, Broşür, Kutu Baskı Fiyatları","1","1","1",""
"/usak-matbaa","city","200","true","Uşak Matbaa | Kartvizit, Broşür, Kutu Baskı Fiyatları","Uşak Matbaa | Kartvizit, Broşür, Kutu Baskı Fiyatları","1","1","1",""
"/van-kutu-baski","sector","200","true","Van Kutu Baskı | Şık Otlu Peynir & Yöresel Ürün Kutusu","Van Kutu Baskı | Şık Otlu Peynir & Yöresel Ürün Kutusu","1","1","1","rendered:multiple-breadcrumbs"
"/van-matbaa","city","200","true","Van Matbaa | Kartvizit, Etiket ve Ambalaj Baskısı","Van Matbaa | Kartvizit, Etiket ve Ambalaj Baskısı","1","1","1",""
"/yag-karti","static","200","true","Yağ Değişim Kartı Baskı Fiyatları | 350 gr Kuşe - Mavi Basım","Yağ Değişim Kartı Baskı Fiyatları | 350 gr Kuşe - Mavi Basım","1","1","1",""
"/yalova-matbaa","city","200","true","Yalova Matbaa | Kartvizit, Broşür, Kutu Baskı Fiyatları","Yalova Matbaa | Kartvizit, Broşür, Kutu Baskı Fiyatları","1","1","1",""
"/yozgat-matbaa","city","200","true","Yozgat Matbaa | Kartvizit, Broşür, Kutu Baskı Fiyatları","Yozgat Matbaa | Kartvizit, Broşür, Kutu Baskı Fiyatları","1","1","1",""
"/zarf","static","200","true","Zarf Baskı Fiyatları | Diplomat ve Torba Zarf - Mavi Basım","Zarf Baskı Fiyatları | Diplomat ve Torba Zarf - Mavi Basım","1","1","1",""
"/zonguldak-matbaa","city","200","true","Zonguldak Matbaa | Kartvizit, Broşür, Kutu Baskı Fiyatları","Zonguldak Matbaa | Kartvizit, Broşür, Kutu Baskı Fiyatları","1","1","1",""
